air_temp,ghi,azimuth,cloud_opacity,dewpoint_temp,relative_humidity,zenith,period_end,period
8,385,-172,11.4,4.2,78.6,64,2026-02-05T10:15:00Z,PT15M
8,363,-176,17.8,4.2,77.7,63,2026-02-05T10:30:00Z,PT15M
8,302,-180,32,4.4,76.8,63,2026-02-05T10:45:00Z,PT15M
9,256,176,42.4,4.4,75.9,63,2026-02-05T11:00:00Z,PT15M
9,207,172,53.1,4.5,75.4,64,2026-02-05T11:15:00Z,PT15M
9,331,168,23.6,4.4,75.2,64,2026-02-05T11:30:00Z,PT15M
9,352,164,16.8,4.4,75.1,65,2026-02-05T11:45:00Z,PT15M
9,346,161,15.4,4.3,75,65,2026-02-05T12:00:00Z,PT15M
9,332,157,15.3,4.3,74.8,66,2026-02-05T12:15:00Z,PT15M
9,296,153,20.3,4.3,74.5,67,2026-02-05T12:30:00Z,PT15M
9,263,149,24.2,4.3,74.3,69,2026-02-05T12:45:00Z,PT15M
9,247,146,23,4.3,74,70,2026-02-05T13:00:00Z,PT15M
9,230,142,21.2,4.2,74,72,2026-02-05T13:15:00Z,PT15M
9,209,139,19.9,4.2,74.2,73,2026-02-05T13:30:00Z,PT15M
8,185,136,19,4,74.5,75,2026-02-05T13:45:00Z,PT15M
8,155,133,19.8,4,74.7,77,2026-02-05T14:00:00Z,PT15M
8,124,129,21.4,3.8,75.1,79,2026-02-05T14:15:00Z,PT15M
8,94,126,23,3.7,75.7,81,2026-02-05T14:30:00Z,PT15M
7,66,123,24.3,3.5,76.4,83,2026-02-05T14:45:00Z,PT15M
7,41,121,24.5,3.4,77,85,2026-02-05T15:00:00Z,PT15M
7,19,118,24.7,3.2,77.4,87,2026-02-05T15:15:00Z,PT15M
7,3,115,25.1,3.1,77.7,89,2026-02-05T15:30:00Z,PT15M
7,0,112,25.5,3,77.9,92,2026-02-05T15:45:00Z,PT15M
6,0,110,25.9,2.9,78.2,94,2026-02-05T16:00:00Z,PT15M
6,0,107,26.3,2.9,78.9,97,2026-02-05T16:15:00Z,PT15M
6,0,104,26.7,3,80.2,99,2026-02-05T16:30:00Z,PT15M
6,0,102,27.1,3.2,81.5,102,2026-02-05T16:45:00Z,PT15M
6,0,99,27.5,3.3,82.8,104,2026-02-05T17:00:00Z,PT15M
6,0,96,27.5,3.4,83.6,107,2026-02-05T17:15:00Z,PT15M
6,0,94,27.1,3.4,84.1,109,2026-02-05T17:30:00Z,PT15M
6,0,91,26.7,3.5,84.5,112,2026-02-05T17:45:00Z,PT15M
6,0,88,26.3,3.5,84.9,114,2026-02-05T18:00:00Z,PT15M
6,0,85,26.3,3.5,85.4,117,2026-02-05T18:15:00Z,PT15M
6,0,82,26.7,3.5,85.8,119,2026-02-05T18:30:00Z,PT15M
6,0,79,27.1,3.5,86.3,122,2026-02-05T18:45:00Z,PT15M
6,0,76,27.5,3.5,86.7,124,2026-02-05T19:00:00Z,PT15M
5,0,73,27.5,3.5,87.3,127,2026-02-05T19:15:00Z,PT15M
5,0,70,27.1,3.5,87.9,129,2026-02-05T19:30:00Z,PT15M
5,0,66,26.7,3.5,88.5,132,2026-02-05T19:45:00Z,PT15M
5,0,62,26.3,3.5,89.1,134,2026-02-05T20:00:00Z,PT15M
5,0,58,25.9,3.5,89.7,136,2026-02-05T20:15:00Z,PT15M
5,0,54,25.5,3.5,90.3,138,2026-02-05T20:30:00Z,PT15M
5,0,49,25.1,3.6,91,140,2026-02-05T20:45:00Z,PT15M
5,0,45,24.7,3.6,91.6,142,2026-02-05T21:00:00Z,PT15M
5,0,39,24.3,3.6,92.2,144,2026-02-05T21:15:00Z,PT15M
5,0,34,23.8,3.6,92.7,145,2026-02-05T21:30:00Z,PT15M
5,0,28,23.4,3.7,93.1,147,2026-02-05T21:45:00Z,PT15M
5,0,21,23,3.7,93.6,148,2026-02-05T22:00:00Z,PT15M
5,0,15,22.4,3.7,94,149,2026-02-05T22:15:00Z,PT15M
5,0,8,21.6,3.7,94.1,149,2026-02-05T22:30:00Z,PT15M
5,0,1,20.8,3.7,94.3,149,2026-02-05T22:45:00Z,PT15M
5,0,-6,19.9,3.7,94.5,149,2026-02-05T23:00:00Z,PT15M
5,0,-13,19.9,3.7,94.6,149,2026-02-05T23:15:00Z,PT15M
5,0,-20,20.8,3.7,94.8,148,2026-02-05T23:30:00Z,PT15M
4,0,-26,21.6,3.7,95,147,2026-02-05T23:45:00Z,PT15M
4,0,-32,22.4,3.7,95.1,146,2026-02-06,PT15M
4,0,-38,22.6,3.7,95.4,144,2026-02-06T00:15:00Z,PT15M
4,0,-43,22.2,3.7,95.7,143,2026-02-06T00:30:00Z,PT15M
4,0,-48,21.8,3.8,96,141,2026-02-06T00:45:00Z,PT15M
4,0,-53,21.4,3.8,96.4,139,2026-02-06T01:00:00Z,PT15M
4,0,-57,21,3.8,96.6,137,2026-02-06T01:15:00Z,PT15M
4,0,-61,20.6,3.8,96.6,134,2026-02-06T01:30:00Z,PT15M
4,0,-65,20.1,3.8,96.6,132,2026-02-06T01:45:00Z,PT15M
4,0,-69,19.7,3.8,96.6,130,2026-02-06T02:00:00Z,PT15M
4,0,-72,19.5,3.8,96.6,127,2026-02-06T02:15:00Z,PT15M
4,0,-76,19.5,3.8,96.6,125,2026-02-06T02:30:00Z,PT15M
4,0,-79,19.5,3.7,96.6,122,2026-02-06T02:45:00Z,PT15M
4,0,-82,19.5,3.7,96.6,120,2026-02-06T03:00:00Z,PT15M
4,0,-85,19.3,3.7,96.5,117,2026-02-06T03:15:00Z,PT15M
4,0,-87,18.9,3.7,96.5,115,2026-02-06T03:30:00Z,PT15M
4,0,-90,18.5,3.6,96.5,112,2026-02-06T03:45:00Z,PT15M
4,0,-93,18,3.6,96.5,110,2026-02-06T04:00:00Z,PT15M
4,0,-96,17.6,3.6,96.5,107,2026-02-06T04:15:00Z,PT15M
4,0,-98,17.2,3.6,96.3,105,2026-02-06T04:30:00Z,PT15M
4,0,-101,16.8,3.5,96.1,102,2026-02-06T04:45:00Z,PT15M
4,0,-103,16.3,3.5,96,99,2026-02-06T05:00:00Z,PT15M
4,0,-106,16.1,3.5,95.7,97,2026-02-06T05:15:00Z,PT15M
4,0,-109,16.1,3.4,95.4,95,2026-02-06T05:30:00Z,PT15M
4,0,-111,16.1,3.4,95,92,2026-02-06T05:45:00Z,PT15M
4,2,-114,16.1,3.3,94.7,90,2026-02-06T06:00:00Z,PT15M
4,19,-117,16.1,3.3,94.2,87,2026-02-06T06:15:00Z,PT15M
4,42,-120,16.1,3.3,93.5,85,2026-02-06T06:30:00Z,PT15M
4,69,-123,16.1,3.4,92.9,83,2026-02-06T06:45:00Z,PT15M
5,98,-126,15.3,3.4,92.2,81,2026-02-06T07:00:00Z,PT15M
5,128,-129,15.3,3.4,91.2,79,2026-02-06T07:15:00Z,PT15M
5,156,-132,16.3,3.4,89.8,77,2026-02-06T07:30:00Z,PT15M
5,182,-135,17.1,3.4,88.4,75,2026-02-06T07:45:00Z,PT15M
5,206,-138,18.4,3.4,87,73,2026-02-06T08:00:00Z,PT15M
6,230,-142,18.6,3.4,85.8,72,2026-02-06T08:15:00Z,PT15M
6,257,-145,17.8,3.4,84.8,70,2026-02-06T08:30:00Z,PT15M
6,281,-149,17.1,3.5,83.8,69,2026-02-06T08:45:00Z,PT15M
6,304,-152,16.4,3.5,82.8,67,2026-02-06T09:00:00Z,PT15M
6,324,-156,16,3.5,81.6,66,2026-02-06T09:15:00Z,PT15M
7,339,-160,16,3.5,80.4,65,2026-02-06T09:30:00Z,PT15M
7,352,-164,16.1,3.5,79.2,65,2026-02-06T09:45:00Z,PT15M
7,362,-167,16.3,3.5,77.9,64,2026-02-06T10:00:00Z,PT15M
7,369,-171,16.2,3.5,76.8,63,2026-02-06T10:15:00Z,PT15M
8,375,-175,15.9,3.5,75.8,63,2026-02-06T10:30:00Z,PT15M
8,378,-180,15.7,3.6,74.8,63,2026-02-06T10:45:00Z,PT15M
8,379,176,15.4,3.6,73.8,63,2026-02-06T11:00:00Z,PT15M
8,377,172,14.7,3.6,72.8,63,2026-02-06T11:15:00Z,PT15M
8,375,168,13.7,3.6,72,64,2026-02-06T11:30:00Z,PT15M
9,370,164,12.7,3.6,71.1,64,2026-02-06T11:45:00Z,PT15M
9,361,161,11.7,3.6,70.3,65,2026-02-06T12:00:00Z,PT15M
9,350,157,10.4,3.6,69.6,66,2026-02-06T12:15:00Z,PT15M
9,339,153,8.6,3.6,69,67,2026-02-06T12:30:00Z,PT15M
9,324,149,6.7,3.5,68.4,68,2026-02-06T12:45:00Z,PT15M
9,305,146,4.8,3.5,67.8,70,2026-02-06T13:00:00Z,PT15M
9,282,142,3.7,3.5,67.8,71,2026-02-06T13:15:00Z,PT15M
9,253,139,3.5,3.5,68.2,73,2026-02-06T13:30:00Z,PT15M
9,223,136,3.2,3.6,68.7,75,2026-02-06T13:45:00Z,PT15M
9,190,132,3.1,3.6,69.2,76,2026-02-06T14:00:00Z,PT15M
9,156,129,3.4,3.6,70.2,78,2026-02-06T14:15:00Z,PT15M
8,121,126,4.1,3.6,71.9,80,2026-02-06T14:30:00Z,PT15M
8,87,123,4.8,3.7,73.6,82,2026-02-06T14:45:00Z,PT15M
8,55,120,5.3,3.7,75.4,85,2026-02-06T15:00:00Z,PT15M
7,27,118,5.3,3.6,76.8,87,2026-02-06T15:15:00Z,PT15M
7,6,115,4.9,3.6,77.9,89,2026-02-06T15:30:00Z,PT15M
7,0,112,4.4,3.5,78.9,92,2026-02-06T15:45:00Z,PT15M
7,0,109,3.9,3.4,80,94,2026-02-06T16:00:00Z,PT15M
6,0,107,3.7,3.3,80.8,96,2026-02-06T16:15:00Z,PT15M
6,0,104,3.7,3.2,81.4,99,2026-02-06T16:30:00Z,PT15M
6,0,101,3.7,3.2,81.9,101,2026-02-06T16:45:00Z,PT15M
6,0,99,3.7,3.1,82.5,104,2026-02-06T17:00:00Z,PT15M
6,0,96,3.7,3.1,82.9,106,2026-02-06T17:15:00Z,PT15M
6,0,93,3.7,3.1,83,109,2026-02-06T17:30:00Z,PT15M
6,0,91,3.7,3,83.1,111,2026-02-06T17:45:00Z,PT15M
6,0,88,3.7,3,83.3,114,2026-02-06T18:00:00Z,PT15M
6,0,85,3.7,3,83.6,117,2026-02-06T18:15:00Z,PT15M
6,0,82,3.7,3,84,119,2026-02-06T18:30:00Z,PT15M
5,0,79,3.7,3,84.4,122,2026-02-06T18:45:00Z,PT15M
5,0,76,3.7,3,84.9,124,2026-02-06T19:00:00Z,PT15M
5,0,73,3.7,3,85.2,127,2026-02-06T19:15:00Z,PT15M
5,0,69,3.7,2.9,85.3,129,2026-02-06T19:30:00Z,PT15M
5,0,66,3.7,2.9,85.5,131,2026-02-06T19:45:00Z,PT15M
5,0,62,3.7,2.8,85.6,134,2026-02-06T20:00:00Z,PT15M
5,0,58,3.7,2.8,85.8,136,2026-02-06T20:15:00Z,PT15M
5,0,54,3.7,2.7,85.9,138,2026-02-06T20:30:00Z,PT15M
5,0,49,3.7,2.7,86,140,2026-02-06T20:45:00Z,PT15M
5,0,44,3.7,2.6,86.2,142,2026-02-06T21:00:00Z,PT15M
5,0,39,4.4,2.6,86.3,144,2026-02-06T21:15:00Z,PT15M
5,0,34,5.8,2.5,86.5,145,2026-02-06T21:30:00Z,PT15M
5,0,28,7.1,2.5,86.6,146,2026-02-06T21:45:00Z,PT15M
4,0,21,8.5,2.4,86.8,147,2026-02-06T22:00:00Z,PT15M
4,0,15,10.7,2.4,86.9,148,2026-02-06T22:15:00Z,PT15M
4,0,8,13.8,2.4,87.1,149,2026-02-06T22:30:00Z,PT15M
4,0,1,16.8,2.4,87.2,149,2026-02-06T22:45:00Z,PT15M
4,0,-6,19.7,2.4,87.4,149,2026-02-06T23:00:00Z,PT15M
4,0,-13,21.4,2.4,87.6,148,2026-02-06T23:15:00Z,PT15M
4,0,-20,21.8,2.4,87.9,148,2026-02-06T23:30:00Z,PT15M
4,0,-26,22.2,2.5,88.2,147,2026-02-06T23:45:00Z,PT15M
4,0,-32,22.6,2.5,88.5,145,2026-02-07,PT15M
4,0,-38,23.4,2.5,88.7,144,2026-02-07T00:15:00Z,PT15M
4,0,-43,24.7,2.4,88.7,142,2026-02-07T00:30:00Z,PT15M
4,0,-48,25.9,2.4,88.7,140,2026-02-07T00:45:00Z,PT15M
4,0,-53,27.1,2.3,88.7,138,2026-02-07T01:00:00Z,PT15M
4,0,-57,27.9,2.3,88.7,136,2026-02-07T01:15:00Z,PT15M
4,0,-61,28.3,2.3,88.7,134,2026-02-07T01:30:00Z,PT15M
4,0,-65,28.7,2.3,88.7,132,2026-02-07T01:45:00Z,PT15M
4,0,-69,29,2.3,88.7,130,2026-02-07T02:00:00Z,PT15M
4,0,-72,27.7,2.3,88.7,127,2026-02-07T02:15:00Z,PT15M
4,0,-75,24.5,2.3,88.7,125,2026-02-07T02:30:00Z,PT15M
4,0,-78,21.2,2.2,88.7,122,2026-02-07T02:45:00Z,PT15M
4,0,-81,17.8,2.2,88.7,120,2026-02-07T03:00:00Z,PT15M
4,0,-84,18,2.2,88.7,117,2026-02-07T03:15:00Z,PT15M
4,0,-87,21.8,2.2,88.7,115,2026-02-07T03:30:00Z,PT15M
4,0,-90,25.5,2.2,88.7,112,2026-02-07T03:45:00Z,PT15M
4,0,-93,29,2.2,88.7,109,2026-02-07T04:00:00Z,PT15M
4,0,-95,30.6,2.2,88.7,107,2026-02-07T04:15:00Z,PT15M
4,0,-98,30.2,2.2,88.9,104,2026-02-07T04:30:00Z,PT15M
4,0,-101,29.8,2.2,89.1,102,2026-02-07T04:45:00Z,PT15M
4,0,-103,29.4,2.2,89.2,99,2026-02-07T05:00:00Z,PT15M
4,0,-106,29.4,2.2,89.4,97,2026-02-07T05:15:00Z,PT15M
4,0,-109,29.8,2.2,89.5,94,2026-02-07T05:30:00Z,PT15M
4,0,-111,30.2,2.3,89.7,92,2026-02-07T05:45:00Z,PT15M
4,3,-114,30.6,2.3,89.9,90,2026-02-07T06:00:00Z,PT15M
4,16,-117,31,2.4,89.7,87,2026-02-07T06:15:00Z,PT15M
4,35,-120,31.4,2.5,89.2,85,2026-02-07T06:30:00Z,PT15M
4,56,-122,31.6,2.7,88.8,83,2026-02-07T06:45:00Z,PT15M
5,81,-125,30.4,2.8,88.3,81,2026-02-07T07:00:00Z,PT15M
5,108,-128,28.7,2.9,87.4,79,2026-02-07T07:15:00Z,PT15M
5,136,-132,27.1,3,86.1,77,2026-02-07T07:30:00Z,PT15M
5,164,-135,25.7,3,84.7,75,2026-02-07T07:45:00Z,PT15M
6,190,-138,25.2,3.1,83.4,73,2026-02-07T08:00:00Z,PT15M
6,214,-141,24.8,3.2,82.4,71,2026-02-07T08:15:00Z,PT15M
6,237,-145,24.4,3.2,81.5,70,2026-02-07T08:30:00Z,PT15M
6,258,-148,24.1,3.4,80.7,68,2026-02-07T08:45:00Z,PT15M
7,277,-152,23.8,3.5,79.9,67,2026-02-07T09:00:00Z,PT15M
7,293,-156,23.8,3.5,79,66,2026-02-07T09:15:00Z,PT15M
7,306,-160,23.9,3.6,78.1,65,2026-02-07T09:30:00Z,PT15M
7,316,-163,24.2,3.6,77.2,64,2026-02-07T09:45:00Z,PT15M
8,322,-167,24.7,3.7,76.3,64,2026-02-07T10:00:00Z,PT15M
8,327,-171,25,3.7,75.5,63,2026-02-07T10:15:00Z,PT15M
8,330,-175,25.2,3.7,74.9,63,2026-02-07T10:30:00Z,PT15M
8,330,-180,25.4,3.8,74.2,63,2026-02-07T10:45:00Z,PT15M
8,328,176,25.7,3.8,73.6,63,2026-02-07T11:00:00Z,PT15M
8,322,172,26.1,3.8,73.2,63,2026-02-07T11:15:00Z,PT15M
8,314,168,26.7,3.8,72.9,63,2026-02-07T11:30:00Z,PT15M
9,303,164,27.4,3.9,72.7,64,2026-02-07T11:45:00Z,PT15M
9,291,160,28.1,3.9,72.4,65,2026-02-07T12:00:00Z,PT15M
9,270,157,30.1,3.9,72.7,66,2026-02-07T12:15:00Z,PT15M
9,244,153,33.3,4,73.4,67,2026-02-07T12:30:00Z,PT15M
8,217,149,36.6,4,74.2,68,2026-02-07T12:45:00Z,PT15M
8,189,146,40.1,4.1,75,69,2026-02-07T13:00:00Z,PT15M
8,162,142,43.5,4.2,76.2,71,2026-02-07T13:15:00Z,PT15M
8,136,139,46.9,4.3,77.9,73,2026-02-07T13:30:00Z,PT15M
8,111,135,50.4,4.4,79.7,74,2026-02-07T13:45:00Z,PT15M
8,86,132,55,4.5,81.5,76,2026-02-07T14:00:00Z,PT15M
7,64,129,58.8,4.6,83.3,78,2026-02-07T14:15:00Z,PT15M
7,47,126,61.1,4.7,85,80,2026-02-07T14:30:00Z,PT15M
7,32,123,63.4,4.8,86.8,82,2026-02-07T14:45:00Z,PT15M
7,21,120,63.2,4.9,88.6,84,2026-02-07T15:00:00Z,PT15M
7,11,117,62.5,4.9,89.8,87,2026-02-07T15:15:00Z,PT15M
6,3,115,61.9,4.9,90.4,89,2026-02-07T15:30:00Z,PT15M
6,0,112,61.4,5,91.1,91,2026-02-07T15:45:00Z,PT15M
6,0,109,60.8,5,91.7,94,2026-02-07T16:00:00Z,PT15M
6,0,106,60.2,5,92,96,2026-02-07T16:15:00Z,PT15M
6,0,104,59.7,5,92,99,2026-02-07T16:30:00Z,PT15M
6,0,101,59.1,4.9,92,101,2026-02-07T16:45:00Z,PT15M
6,0,98,58.5,4.9,92,104,2026-02-07T17:00:00Z,PT15M
6,0,96,58,4.9,92.2,106,2026-02-07T17:15:00Z,PT15M
6,0,93,57.7,4.9,92.5,109,2026-02-07T17:30:00Z,PT15M
6,0,90,57.4,4.8,92.8,111,2026-02-07T17:45:00Z,PT15M
6,0,88,57.1,4.8,93.1,114,2026-02-07T18:00:00Z,PT15M
6,0,85,57,4.7,93.1,116,2026-02-07T18:15:00Z,PT15M
6,0,82,57,4.6,92.8,119,2026-02-07T18:30:00Z,PT15M
6,0,79,57,4.4,92.5,121,2026-02-07T18:45:00Z,PT15M
5,0,76,57,4.3,92.1,124,2026-02-07T19:00:00Z,PT15M
5,0,73,57,4.1,91.8,126,2026-02-07T19:15:00Z,PT15M
5,0,69,57,3.9,91.5,129,2026-02-07T19:30:00Z,PT15M
5,0,66,57,3.7,91.1,131,2026-02-07T19:45:00Z,PT15M
5,0,62,57,3.5,90.8,133,2026-02-07T20:00:00Z,PT15M
5,0,58,57,3.4,91,136,2026-02-07T20:15:00Z,PT15M
5,0,54,57,3.4,91.6,138,2026-02-07T20:30:00Z,PT15M
5,0,49,57,3.4,92.2,140,2026-02-07T20:45:00Z,PT15M
4,0,44,57,3.4,92.9,142,2026-02-07T21:00:00Z,PT15M
4,0,39,57,3.4,93.1,143,2026-02-07T21:15:00Z,PT15M
4,0,33,57,3.4,92.7,145,2026-02-07T21:30:00Z,PT15M
5,0,27,57,3.3,92.4,146,2026-02-07T21:45:00Z,PT15M
5,0,21,57,3.3,92.1,147,2026-02-07T22:00:00Z,PT15M
5,0,15,57.1,3.3,91.6,148,2026-02-07T22:15:00Z,PT15M
5,0,8,57.4,3.2,90.9,148,2026-02-07T22:30:00Z,PT15M
5,0,1,57.7,3.1,90.3,149,2026-02-07T22:45:00Z,PT15M
5,0,-6,58,3,89.7,148,2026-02-07T23:00:00Z,PT15M
5,0,-13,58.5,3,89.4,148,2026-02-07T23:15:00Z,PT15M
5,0,-20,59.1,3,89.4,147,2026-02-07T23:30:00Z,PT15M
5,0,-26,59.7,2.9,89.4,146,2026-02-07T23:45:00Z,PT15M
5,0,-32,60.2,2.9,89.4,145,2026-02-08,PT15M
5,0,-38,61.2,2.9,89.4,144,2026-02-08T00:15:00Z,PT15M
5,0,-43,62.6,2.9,89.6,142,2026-02-08T00:30:00Z,PT15M
4,0,-48,64,2.9,89.7,140,2026-02-08T00:45:00Z,PT15M
4,0,-52,65.4,2.9,89.9,138,2026-02-08T01:00:00Z,PT15M
4,0,-57,66.5,2.8,89.7,136,2026-02-08T01:15:00Z,PT15M
4,0,-61,67.2,2.7,89,134,2026-02-08T01:30:00Z,PT15M
4,0,-65,68,2.6,88.4,132,2026-02-08T01:45:00Z,PT15M
4,0,-68,68.8,2.5,87.8,129,2026-02-08T02:00:00Z,PT15M
4,0,-72,69.7,2.5,87.9,127,2026-02-08T02:15:00Z,PT15M
4,0,-75,70.7,2.6,88.9,124,2026-02-08T02:30:00Z,PT15M
4,0,-78,71.6,2.7,89.8,122,2026-02-08T02:45:00Z,PT15M
4,0,-81,72.6,2.8,90.8,119,2026-02-08T03:00:00Z,PT15M
4,0,-84,72.9,2.8,91.2,117,2026-02-08T03:15:00Z,PT15M
4,0,-87,72.7,2.8,91,114,2026-02-08T03:30:00Z,PT15M
4,0,-90,72.5,2.7,90.8,112,2026-02-08T03:45:00Z,PT15M
4,0,-92,72.2,2.7,90.7,109,2026-02-08T04:00:00Z,PT15M
4,0,-95,72.1,2.7,91,107,2026-02-08T04:15:00Z,PT15M
4,0,-98,72.1,2.7,91.8,104,2026-02-08T04:30:00Z,PT15M
4,0,-100,72.1,2.8,92.6,102,2026-02-08T04:45:00Z,PT15M
4,0,-103,72.1,2.8,93.4,99,2026-02-08T05:00:00Z,PT15M
4,0,-106,72.1,2.8,94.1,97,2026-02-08T05:15:00Z,PT15M
4,0,-108,72.1,2.8,94.6,94,2026-02-08T05:30:00Z,PT15M
4,0,-111,72.1,2.7,95.1,92,2026-02-08T05:45:00Z,PT15M
3,1,-114,72.1,2.7,95.6,89,2026-02-08T06:00:00Z,PT15M
3,7,-117,72.7,2.7,95.8,87,2026-02-08T06:15:00Z,PT15M
3,15,-119,73.9,2.7,95.8,85,2026-02-08T06:30:00Z,PT15M
3,23,-122,74.7,2.7,95.8,83,2026-02-08T06:45:00Z,PT15M
3,34,-125,73,2.7,95.8,80,2026-02-08T07:00:00Z,PT15M
3,46,-128,72,2.7,95.8,78,2026-02-08T07:15:00Z,PT15M
3,55,-131,72.4,2.6,95.6,76,2026-02-08T07:30:00Z,PT15M
3,63,-135,73.4,2.5,95.4,75,2026-02-08T07:45:00Z,PT15M
3,65,-138,75.6,2.4,95.2,73,2026-02-08T08:00:00Z,PT15M
3,71,-141,76.3,2.3,93.9,71,2026-02-08T08:15:00Z,PT15M
3,82,-145,75.3,2.1,91.4,70,2026-02-08T08:30:00Z,PT15M
4,92,-148,74.4,1.8,89,68,2026-02-08T08:45:00Z,PT15M
4,101,-152,73.5,1.6,86.7,67,2026-02-08T09:00:00Z,PT15M
4,112,-156,72.2,1.4,84.6,66,2026-02-08T09:15:00Z,PT15M
4,124,-159,70.6,1.2,82.6,65,2026-02-08T09:30:00Z,PT15M
4,135,-163,69.2,1,80.7,64,2026-02-08T09:45:00Z,PT15M
4,145,-167,67.9,0.8,78.9,63,2026-02-08T10:00:00Z,PT15M
4,153,-171,66.7,0.6,77.4,63,2026-02-08T10:15:00Z,PT15M
4,160,-175,65.7,0.5,76.3,63,2026-02-08T10:30:00Z,PT15M
4,165,-179,64.7,0.3,75.2,62,2026-02-08T10:45:00Z,PT15M
4,169,176,63.7,0.2,74.2,62,2026-02-08T11:00:00Z,PT15M
4,171,172,63,0,72.9,63,2026-02-08T11:15:00Z,PT15M
5,170,168,62.7,-0.2,71.5,63,2026-02-08T11:30:00Z,PT15M
5,167,164,62.3,-0.3,70.1,64,2026-02-08T11:45:00Z,PT15M
5,164,160,62,-0.5,68.7,65,2026-02-08T12:00:00Z,PT15M
5,157,157,61.9,-0.6,67.9,65,2026-02-08T12:15:00Z,PT15M
5,149,153,62.1,-0.7,67.7,67,2026-02-08T12:30:00Z,PT15M
5,139,149,62.3,-0.7,67.4,68,2026-02-08T12:45:00Z,PT15M
5,127,146,62.7,-0.8,67.2,69,2026-02-08T13:00:00Z,PT15M
5,114,142,63.6,-0.8,67.5,71,2026-02-08T13:15:00Z,PT15M
5,98,139,65.1,-0.6,68.3,72,2026-02-08T13:30:00Z,PT15M
5,83,135,66.6,-0.5,69.2,74,2026-02-08T13:45:00Z,PT15M
5,66,132,69,-0.4,70.1,76,2026-02-08T14:00:00Z,PT15M
4,52,129,70.8,-0.4,71.1,78,2026-02-08T14:15:00Z,PT15M
4,40,126,71.2,-0.4,72.2,80,2026-02-08T14:30:00Z,PT15M
4,29,123,71.6,-0.4,73.3,82,2026-02-08T14:45:00Z,PT15M
4,21,120,69.7,-0.4,74.5,84,2026-02-08T15:00:00Z,PT15M
3,12,117,67.6,-0.4,76.2,86,2026-02-08T15:15:00Z,PT15M
3,4,114,66.6,-0.2,78.6,89,2026-02-08T15:30:00Z,PT15M
3,0,112,65.5,-0.2,81,91,2026-02-08T15:45:00Z,PT15M
3,0,109,64.4,-0,83.5,93,2026-02-08T16:00:00Z,PT15M
2,0,106,63.5,0.1,85.6,96,2026-02-08T16:15:00Z,PT15M
2,0,104,62.6,0.2,87.3,98,2026-02-08T16:30:00Z,PT15M
2,0,101,61.8,0.2,89.1,101,2026-02-08T16:45:00Z,PT15M
2,0,98,61,0.4,90.8,103,2026-02-08T17:00:00Z,PT15M
2,0,96,60.2,0.4,92.1,106,2026-02-08T17:15:00Z,PT15M
2,0,93,59.7,0.5,93,108,2026-02-08T17:30:00Z,PT15M
2,0,90,59.1,0.6,93.8,111,2026-02-08T17:45:00Z,PT15M
1,0,87,58.5,0.7,94.7,114,2026-02-08T18:00:00Z,PT15M
1,0,85,58.3,0.8,95.5,116,2026-02-08T18:15:00Z,PT15M
1,0,82,58.6,0.9,96.4,119,2026-02-08T18:30:00Z,PT15M
1,0,79,58.9,1,97.3,121,2026-02-08T18:45:00Z,PT15M
1,0,76,59.2,1.1,98.1,124,2026-02-08T19:00:00Z,PT15M
1,0,72,59.4,1.2,98.7,126,2026-02-08T19:15:00Z,PT15M
1,0,69,59.4,1.2,98.8,129,2026-02-08T19:30:00Z,PT15M
1,0,65,59.4,1.2,99,131,2026-02-08T19:45:00Z,PT15M
1,0,62,59.4,1.2,99.2,133,2026-02-08T20:00:00Z,PT15M
1,0,58,59.2,1.2,99.2,135,2026-02-08T20:15:00Z,PT15M
1,0,53,58.9,1.1,99,137,2026-02-08T20:30:00Z,PT15M
1,0,49,58.6,1,98.8,139,2026-02-08T20:45:00Z,PT15M
1,0,44,58.3,0.9,98.7,141,2026-02-08T21:00:00Z,PT15M
1,0,39,58.3,0.9,98.5,143,2026-02-08T21:15:00Z,PT15M
1,0,33,58.6,0.8,98.3,145,2026-02-08T21:30:00Z,PT15M
1,0,27,58.9,0.8,98.1,146,2026-02-08T21:45:00Z,PT15M
1,0,21,59.2,0.7,98,147,2026-02-08T22:00:00Z,PT15M
1,0,14,59.1,0.7,98,148,2026-02-08T22:15:00Z,PT15M
1,0,8,58.5,0.7,98.1,148,2026-02-08T22:30:00Z,PT15M
1,0,1,57.9,0.6,98.3,148,2026-02-08T22:45:00Z,PT15M
1,0,-6,57.3,0.6,98.5,148,2026-02-08T23:00:00Z,PT15M
1,0,-13,57.1,0.6,98.7,148,2026-02-08T23:15:00Z,PT15M
1,0,-19,57.4,0.5,98.8,147,2026-02-08T23:30:00Z,PT15M
1,0,-26,57.7,0.4,99,146,2026-02-08T23:45:00Z,PT15M
0,0,-32,58,0.3,99.2,145,2026-02-09,PT15M
0,0,-37,57.3,0.2,98.9,143,2026-02-09T00:15:00Z,PT15M
0,0,-43,55.5,0,98.2,142,2026-02-09T00:30:00Z,PT15M
0,0,-48,53.6,-0.2,97.5,140,2026-02-09T00:45:00Z,PT15M
0,0,-52,51.7,-0.4,96.8,138,2026-02-09T01:00:00Z,PT15M
-0,0,-57,50.7,-0.6,96,136,2026-02-09T01:15:00Z,PT15M
-0,0,-61,50.7,-0.8,95.1,134,2026-02-09T01:30:00Z,PT15M
-0,0,-64,50.7,-1.1,94.2,131,2026-02-09T01:45:00Z,PT15M
-0,0,-68,50.7,-1.3,93.4,129,2026-02-09T02:00:00Z,PT15M
-1,0,-71,50.6,-1.5,92.6,127,2026-02-09T02:15:00Z,PT15M
-1,0,-75,50.2,-1.7,91.9,124,2026-02-09T02:30:00Z,PT15M
-1,0,-78,49.9,-2,91.2,122,2026-02-09T02:45:00Z,PT15M
-1,0,-81,49.6,-2.2,90.6,119,2026-02-09T03:00:00Z,PT15M
-1,0,-84,49.4,-2.4,90,117,2026-02-09T03:15:00Z,PT15M
-1,0,-87,49.4,-2.7,89.5,114,2026-02-09T03:30:00Z,PT15M
-1,0,-89,49.4,-2.9,88.9,112,2026-02-09T03:45:00Z,PT15M
-2,0,-92,49.4,-3.2,88.4,109,2026-02-09T04:00:00Z,PT15M
-2,0,-95,49.4,-3.4,88.1,106,2026-02-09T04:15:00Z,PT15M
-2,0,-97,49.4,-3.6,87.9,104,2026-02-09T04:30:00Z,PT15M
-2,0,-100,49.4,-3.7,87.7,101,2026-02-09T04:45:00Z,PT15M
-2,0,-103,49.4,-3.9,87.6,99,2026-02-09T05:00:00Z,PT15M
-2,0,-105,49.1,-4,87.5,96,2026-02-09T05:15:00Z,PT15M
-2,0,-108,48.4,-4.2,87.7,94,2026-02-09T05:30:00Z,PT15M
-3,0,-111,47.8,-4.2,87.8,92,2026-02-09T05:45:00Z,PT15M
-3,3,-114,47.1,-4.4,88,89,2026-02-09T06:00:00Z,PT15M
-3,16,-116,47.3,-4.4,87.3,87,2026-02-09T06:15:00Z,PT15M
-3,31,-119,48.3,-4.6,85.9,85,2026-02-09T06:30:00Z,PT15M
-2,49,-122,48.8,-4.6,84.5,82,2026-02-09T06:45:00Z,PT15M
-2,70,-125,47.1,-4.8,83.1,80,2026-02-09T07:00:00Z,PT15M
-2,91,-128,46.4,-4.8,81.9,78,2026-02-09T07:15:00Z,PT15M
-2,109,-131,47,-4.7,81,76,2026-02-09T07:30:00Z,PT15M
-2,126,-134,48.1,-4.6,80.1,74,2026-02-09T07:45:00Z,PT15M
-1,138,-138,50.2,-4.5,79.3,73,2026-02-09T08:00:00Z,PT15M
-1,153,-141,50.7,-4.4,78.5,71,2026-02-09T08:15:00Z,PT15M
-1,171,-145,49.7,-4.4,77.8,69,2026-02-09T08:30:00Z,PT15M
-1,189,-148,48.8,-4.2,77.1,68,2026-02-09T08:45:00Z,PT15M
-1,206,-152,48,-4.2,76.4,67,2026-02-09T09:00:00Z,PT15M
-0,219,-156,47.8,-4.1,75.8,65,2026-02-09T09:15:00Z,PT15M
-0,227,-159,48.4,-4,75.3,64,2026-02-09T09:30:00Z,PT15M
-0,232,-163,49.2,-4,74.7,64,2026-02-09T09:45:00Z,PT15M
0,235,-167,50,-3.9,74.2,63,2026-02-09T10:00:00Z,PT15M
0,237,-171,50.5,-3.9,73.5,63,2026-02-09T10:15:00Z,PT15M
0,240,-175,50.7,-4,72.5,62,2026-02-09T10:30:00Z,PT15M
0,240,-179,50.9,-4.1,71.6,62,2026-02-09T10:45:00Z,PT15M
1,238,176,51.2,-4.2,70.7,62,2026-02-09T11:00:00Z,PT15M
1,235,172,51.4,-4.2,69.8,62,2026-02-09T11:15:00Z,PT15M
1,231,168,51.5,-4.4,68.9,63,2026-02-09T11:30:00Z,PT15M
1,224,164,51.6,-4.4,68,63,2026-02-09T11:45:00Z,PT15M
1,216,160,51.8,-4.6,67.1,64,2026-02-09T12:00:00Z,PT15M
1,207,157,52,-4.7,66,65,2026-02-09T12:15:00Z,PT15M
1,195,153,52.4,-4.9,64.5,66,2026-02-09T12:30:00Z,PT15M
1,181,149,52.9,-5.2,63.1,67,2026-02-09T12:45:00Z,PT15M
1,166,145,53.6,-5.4,61.7,69,2026-02-09T13:00:00Z,PT15M
1,149,142,54.7,-5.7,60.2,70,2026-02-09T13:15:00Z,PT15M
1,130,138,56.2,-6.1,58.6,72,2026-02-09T13:30:00Z,PT15M
1,110,135,57.8,-6.6,57,74,2026-02-09T13:45:00Z,PT15M
1,90,132,60.1,-7,55.5,76,2026-02-09T14:00:00Z,PT15M
1,71,129,62.1,-7.3,55,78,2026-02-09T14:15:00Z,PT15M
0,56,126,62.8,-7.4,55.7,80,2026-02-09T14:30:00Z,PT15M
0,41,123,63.5,-7.5,56.4,82,2026-02-09T14:45:00Z,PT15M
-0,28,120,61.9,-7.6,57.1,84,2026-02-09T15:00:00Z,PT15M
-1,17,117,59.9,-7.8,57.9,86,2026-02-09T15:15:00Z,PT15M
-1,6,114,58.8,-8,58.9,88,2026-02-09T15:30:00Z,PT15M
-1,0,111,57.6,-8.1,60,91,2026-02-09T15:45:00Z,PT15M
-2,0,109,56.4,-8.3,61,93,2026-02-09T16:00:00Z,PT15M
-2,0,106,55,-8.4,61.8,96,2026-02-09T16:15:00Z,PT15M
-2,0,103,53.4,-8.4,62.3,98,2026-02-09T16:30:00Z,PT15M
-2,0,101,51.8,-8.3,62.7,101,2026-02-09T16:45:00Z,PT15M
-2,0,98,50.2,-8.3,63.2,103,2026-02-09T17:00:00Z,PT15M
-2,0,95,49.1,-8.1,64.4,106,2026-02-09T17:15:00Z,PT15M
-2,0,93,48.4,-7.7,66.3,108,2026-02-09T17:30:00Z,PT15M
-2,0,90,47.8,-7.2,68.3,111,2026-02-09T17:45:00Z,PT15M
-2,0,87,47.1,-6.8,70.3,113,2026-02-09T18:00:00Z,PT15M
-2,0,84,46.9,-6.4,72.3,116,2026-02-09T18:15:00Z,PT15M
-2,0,81,47.3,-5.9,74.5,118,2026-02-09T18:30:00Z,PT15M
-2,0,78,47.6,-5.4,76.6,121,2026-02-09T18:45:00Z,PT15M
-2,0,75,47.9,-4.9,78.8,123,2026-02-09T19:00:00Z,PT15M
-2,0,72,47.9,-4.8,79,126,2026-02-09T19:15:00Z,PT15M
-2,0,69,47.6,-5.1,77.1,128,2026-02-09T19:30:00Z,PT15M
-2,0,65,47.3,-5.4,75.2,131,2026-02-09T19:45:00Z,PT15M
-2,0,61,46.9,-5.7,73.4,133,2026-02-09T20:00:00Z,PT15M
-2,0,57,46.7,-6,72.3,135,2026-02-09T20:15:00Z,PT15M
-2,0,53,46.7,-6.3,71.8,137,2026-02-09T20:30:00Z,PT15M
-2,0,49,46.7,-6.6,71.4,139,2026-02-09T20:45:00Z,PT15M
-2,0,44,46.7,-6.9,70.9,141,2026-02-09T21:00:00Z,PT15M
-3,0,39,46.4,-7.2,70.6,143,2026-02-09T21:15:00Z,PT15M
-3,0,33,45.7,-7.4,70.4,144,2026-02-09T21:30:00Z,PT15M
-3,0,27,45,-7.5,70.2,145,2026-02-09T21:45:00Z,PT15M
-3,0,21,44.4,-7.7,70.1,147,2026-02-09T22:00:00Z,PT15M
-3,0,14,43.5,-7.9,69.9,147,2026-02-09T22:15:00Z,PT15M
-3,0,8,42.4,-8,69.6,148,2026-02-09T22:30:00Z,PT15M
-3,0,1,41.4,-8.2,69.3,148,2026-02-09T22:45:00Z,PT15M
-4,0,-6,40.3,-8.3,69,148,2026-02-09T23:00:00Z,PT15M
-4,0,-13,39.2,-8.4,68.8,147,2026-02-09T23:15:00Z,PT15M
-4,0,-19,38.1,-8.5,68.6,147,2026-02-09T23:30:00Z,PT15M
-4,0,-25,37,-8.5,68.5,146,2026-02-09T23:45:00Z,PT15M
-4,0,-31,35.9,-8.6,68.3,145,2026-02-10,PT15M
-4,0,-37,34.6,-8.7,68,143,2026-02-10T00:15:00Z,PT15M
-4,0,-42,33.1,-8.8,67.4,141,2026-02-10T00:30:00Z,PT15M
-4,0,-47,31.6,-9,66.8,140,2026-02-10T00:45:00Z,PT15M
-4,0,-52,30,-9.1,66.3,138,2026-02-10T01:00:00Z,PT15M
-4,0,-56,28.5,-9.2,65.7,136,2026-02-10T01:15:00Z,PT15M
-4,0,-60,26.9,-9.4,65.1,133,2026-02-10T01:30:00Z,PT15M
-4,0,-64,25.3,-9.5,64.6,131,2026-02-10T01:45:00Z,PT15M
-4,0,-68,23.6,-9.7,64,129,2026-02-10T02:00:00Z,PT15M
-4,0,-71,22.2,-9.8,63.5,126,2026-02-10T02:15:00Z,PT15M
-4,0,-74,21,-9.9,62.9,124,2026-02-10T02:30:00Z,PT15M
-4,0,-78,19.7,-10.1,62.4,122,2026-02-10T02:45:00Z,PT15M
-4,0,-81,18.5,-10.2,61.8,119,2026-02-10T03:00:00Z,PT15M
-4,0,-84,17.8,-10.4,61.3,116,2026-02-10T03:15:00Z,PT15M
-4,0,-86,17.8,-10.5,60.9,114,2026-02-10T03:30:00Z,PT15M
-4,0,-89,17.8,-10.6,60.4,111,2026-02-10T03:45:00Z,PT15M
-4,0,-92,17.8,-10.7,60,109,2026-02-10T04:00:00Z,PT15M
-4,0,-95,17.8,-10.8,59.6,106,2026-02-10T04:15:00Z,PT15M
-4,0,-97,17.8,-10.9,59.1,104,2026-02-10T04:30:00Z,PT15M
-4,0,-100,17.8,-11,58.7,101,2026-02-10T04:45:00Z,PT15M
-4,0,-103,17.8,-11.1,58.3,99,2026-02-10T05:00:00Z,PT15M
-4,0,-105,18.3,-11.2,57.8,96,2026-02-10T05:15:00Z,PT15M
-4,0,-108,19.1,-11.3,57.4,94,2026-02-10T05:30:00Z,PT15M
-4,0,-111,19.9,-11.4,57,91,2026-02-10T05:45:00Z,PT15M
-4,7,-113,20.8,-11.5,56.6,89,2026-02-10T06:00:00Z,PT15M
-4,28,-116,21.4,-11.6,56.1,87,2026-02-10T06:15:00Z,PT15M
-4,53,-119,21.8,-11.5,55.7,84,2026-02-10T06:30:00Z,PT15M
-4,82,-122,21.8,-11.4,55.2,82,2026-02-10T06:45:00Z,PT15M
-4,113,-125,20.8,-11.3,54.7,80,2026-02-10T07:00:00Z,PT15M
-3,143,-128,20.5,-11.2,54.3,78,2026-02-10T07:15:00Z,PT15M
-3,172,-131,21,-11.1,53.9,76,2026-02-10T07:30:00Z,PT15M
-3,199,-134,21.7,-11,53.4,74,2026-02-10T07:45:00Z,PT15M
-3,223,-137,22.9,-10.9,53,72,2026-02-10T08:00:00Z,PT15M
-2,246,-141,23.6,-10.8,52.6,71,2026-02-10T08:15:00Z,PT15M
-2,269,-144,23.8,-10.7,52.1,69,2026-02-10T08:30:00Z,PT15M
-2,290,-148,24,-10.6,51.7,68,2026-02-10T08:45:00Z,PT15M
-2,308,-152,24.3,-10.5,51.3,66,2026-02-10T09:00:00Z,PT15M
-2,325,-155,24.2,-10.4,51.2,65,2026-02-10T09:15:00Z,PT15M
-1,341,-159,24,-10.1,51.5,64,2026-02-10T09:30:00Z,PT15M
-1,353,-163,23.8,-9.9,51.7,63,2026-02-10T09:45:00Z,PT15M
-1,363,-167,23.7,-9.7,52,63,2026-02-10T10:00:00Z,PT15M
-1,369,-171,23.8,-9.4,52.2,62,2026-02-10T10:15:00Z,PT15M
-1,372,-175,24,-9.2,52.5,62,2026-02-10T10:30:00Z,PT15M
-1,372,-179,24.2,-8.9,52.8,62,2026-02-10T10:45:00Z,PT15M
-0,369,176,24.5,-8.7,53,62,2026-02-10T11:00:00Z,PT15M
-0,364,172,24.7,-8.4,53.3,62,2026-02-10T11:15:00Z,PT15M
0,357,168,24.7,-8.2,53.6,63,2026-02-10T11:30:00Z,PT15M
0,348,164,24.8,-8,53.8,63,2026-02-10T11:45:00Z,PT15M
1,335,160,25,-7.7,54.1,64,2026-02-10T12:00:00Z,PT15M
1,320,156,25.3,-7.5,54.5,65,2026-02-10T12:15:00Z,PT15M
1,301,153,26,-7.4,55.2,66,2026-02-10T12:30:00Z,PT15M
1,280,149,26.9,-7.3,55.9,67,2026-02-10T12:45:00Z,PT15M
1,257,145,27.8,-7.2,56.5,69,2026-02-10T13:00:00Z,PT15M
0,232,142,28.9,-7.1,57.2,70,2026-02-10T13:15:00Z,PT15M
0,205,138,30.3,-7,57.9,72,2026-02-10T13:30:00Z,PT15M
0,178,135,31.7,-6.8,58.6,73,2026-02-10T13:45:00Z,PT15M
0,149,132,33.5,-6.7,59.3,75,2026-02-10T14:00:00Z,PT15M
0,121,129,35.5,-6.6,60,77,2026-02-10T14:15:00Z,PT15M
0,95,126,36.7,-6.5,60.7,79,2026-02-10T14:30:00Z,PT15M
0,70,123,37.8,-6.4,61.5,81,2026-02-10T14:45:00Z,PT15M
0,48,120,37.6,-6.3,62.2,84,2026-02-10T15:00:00Z,PT15M
0,28,117,36.7,-6.2,63,86,2026-02-10T15:15:00Z,PT15M
-0,10,114,36.3,-6.1,63.9,88,2026-02-10T15:30:00Z,PT15M
-0,0,111,35.9,-6,64.8,91,2026-02-10T15:45:00Z,PT15M
-0,0,109,35.6,-5.9,65.6,93,2026-02-10T16:00:00Z,PT15M
-0,0,106,35.2,-5.8,66.5,95,2026-02-10T16:15:00Z,PT15M
-1,0,103,34.8,-5.7,67.5,98,2026-02-10T16:30:00Z,PT15M
-1,0,101,34.4,-5.7,68.4,100,2026-02-10T16:45:00Z,PT15M
-1,0,98,34,-5.6,69.3,103,2026-02-10T17:00:00Z,PT15M
-1,0,95,33.9,-5.5,70.3,105,2026-02-10T17:15:00Z,PT15M
-1,0,92,33.9,-5.4,71.2,108,2026-02-10T17:30:00Z,PT15M
-1,0,90,33.9,-5.3,72.2,111,2026-02-10T17:45:00Z,PT15M
-1,0,87,33.9,-5.2,73.2,113,2026-02-10T18:00:00Z,PT15M
-1,0,84,33.7,-5.2,73.6,116,2026-02-10T18:15:00Z,PT15M
-1,0,81,33.3,-5.2,73.4,118,2026-02-10T18:30:00Z,PT15M
-1,0,78,32.9,-5.2,73.2,121,2026-02-10T18:45:00Z,PT15M
-1,0,75,32.5,-5.2,73.1,123,2026-02-10T19:00:00Z,PT15M
-1,0,72,32.3,-5.2,72.9,126,2026-02-10T19:15:00Z,PT15M
-1,0,68,32.3,-5.2,72.7,128,2026-02-10T19:30:00Z,PT15M
-1,0,65,32.3,-5.2,72.5,130,2026-02-10T19:45:00Z,PT15M
-1,0,61,32.3,-5.2,72.4,133,2026-02-10T20:00:00Z,PT15M
-1,0,57,32.3,-5.2,72.2,135,2026-02-10T20:15:00Z,PT15M
-1,0,53,32.3,-5.2,72,137,2026-02-10T20:30:00Z,PT15M
-1,0,48,32.3,-5.2,71.8,139,2026-02-10T20:45:00Z,PT15M
-1,0,43,32.3,-5.2,71.7,141,2026-02-10T21:00:00Z,PT15M
-1,0,38,32.3,-5.1,72.5,142,2026-02-10T21:15:00Z,PT15M
-1,0,33,32.3,-4.8,74.3,144,2026-02-10T21:30:00Z,PT15M
-1,0,27,32.3,-4.6,76.2,145,2026-02-10T21:45:00Z,PT15M
-1,0,21,32.3,-4.4,78.1,146,2026-02-10T22:00:00Z,PT15M
-1,0,14,32.3,-4.1,80.1,147,2026-02-10T22:15:00Z,PT15M
-1,0,8,32.3,-3.9,82.1,147,2026-02-10T22:30:00Z,PT15M
-1,0,1,32.3,-3.6,84.1,148,2026-02-10T22:45:00Z,PT15M
-1,0,-6,32.3,-3.4,86.3,148,2026-02-10T23:00:00Z,PT15M
-2,0,-13,32.3,-3.1,88.4,147,2026-02-10T23:15:00Z,PT15M
-2,0,-19,32.3,-2.9,90.6,146,2026-02-10T23:30:00Z,PT15M
-2,0,-25,32.3,-2.7,92.9,145,2026-02-10T23:45:00Z,PT15M
-2,0,-31,32.3,-2.4,95.2,144,2026-02-11,PT15M
-2,0,-37,32.7,-2.3,96.4,143,2026-02-11T00:15:00Z,PT15M
-2,0,-42,33.5,-2.3,96.4,141,2026-02-11T00:30:00Z,PT15M
-2,0,-47,34.2,-2.4,96.4,139,2026-02-11T00:45:00Z,PT15M
-2,0,-52,35,-2.4,96.4,137,2026-02-11T01:00:00Z,PT15M
-2,0,-56,35.9,-2.4,96.4,135,2026-02-11T01:15:00Z,PT15M
-2,0,-60,37,-2.4,96.4,133,2026-02-11T01:30:00Z,PT15M
-2,0,-64,38.1,-2.5,96.4,131,2026-02-11T01:45:00Z,PT15M
-2,0,-67,39.2,-2.5,96.4,129,2026-02-11T02:00:00Z,PT15M
-2,0,-71,40.5,-2.5,96.4,126,2026-02-11T02:15:00Z,PT15M
-2,0,-74,41.9,-2.5,96.4,124,2026-02-11T02:30:00Z,PT15M
-2,0,-77,43.3,-2.6,96.4,121,2026-02-11T02:45:00Z,PT15M
-2,0,-80,44.7,-2.6,96.4,119,2026-02-11T03:00:00Z,PT15M
-2,0,-83,45.9,-2.6,96.4,116,2026-02-11T03:15:00Z,PT15M
-2,0,-86,46.9,-2.6,96.4,114,2026-02-11T03:30:00Z,PT15M
-2,0,-89,47.9,-2.6,96.4,111,2026-02-11T03:45:00Z,PT15M
-2,0,-92,48.9,-2.5,96.4,109,2026-02-11T04:00:00Z,PT15M
-2,0,-94,49.9,-2.5,96.4,106,2026-02-11T04:15:00Z,PT15M
-2,0,-97,50.9,-2.5,96.4,103,2026-02-11T04:30:00Z,PT15M
-2,0,-100,51.8,-2.5,96.4,101,2026-02-11T04:45:00Z,PT15M
-2,0,-102,52.8,-2.5,96.4,98,2026-02-11T05:00:00Z,PT15M
-2,0,-105,53.9,-2.5,96.4,96,2026-02-11T05:15:00Z,PT15M
-2,0,-108,55.1,-2.4,96.4,93,2026-02-11T05:30:00Z,PT15M
-2,0,-110,56.4,-2.4,96.4,91,2026-02-11T05:45:00Z,PT15M
-2,4,-113,57.6,-2.4,96.4,89,2026-02-11T06:00:00Z,PT15M
-2,14,-116,58.6,-2.4,96.1,86,2026-02-11T06:15:00Z,PT15M
-2,26,-119,59.5,-2.3,95.7,84,2026-02-11T06:30:00Z,PT15M
-2,40,-122,59.3,-2.3,95.2,82,2026-02-11T06:45:00Z,PT15M
-2,58,-125,57,-2.2,94.7,80,2026-02-11T07:00:00Z,PT15M
-1,78,-128,54.7,-2.1,94.3,78,2026-02-11T07:15:00Z,PT15M
-1,99,-131,52.7,-2.1,93.8,76,2026-02-11T07:30:00Z,PT15M
-1,117,-134,52,-2,93.4,74,2026-02-11T07:45:00Z,PT15M
-1,134,-137,51.9,-2,92.9,72,2026-02-11T08:00:00Z,PT15M
-1,150,-141,52,-1.9,92.5,70,2026-02-11T08:15:00Z,PT15M
-1,164,-144,52.2,-1.8,92,69,2026-02-11T08:30:00Z,PT15M
-1,176,-148,52.6,-1.8,91.6,67,2026-02-11T08:45:00Z,PT15M
-1,186,-151,53,-1.7,91.1,66,2026-02-11T09:00:00Z,PT15M
-0,195,-155,53.2,-1.7,90.8,65,2026-02-11T09:15:00Z,PT15M
-0,203,-159,53.5,-1.6,90.7,64,2026-02-11T09:30:00Z,PT15M
-0,209,-163,53.8,-1.5,90.5,63,2026-02-11T09:45:00Z,PT15M
0,213,-167,54.1,-1.4,90.4,62,2026-02-11T10:00:00Z,PT15M
0,216,-171,54.5,-1.3,90.2,62,2026-02-11T10:15:00Z,PT15M
0,217,-175,54.9,-1.2,90.1,62,2026-02-11T10:30:00Z,PT15M
0,215,-179,55.4,-1.1,89.9,61,2026-02-11T10:45:00Z,PT15M
1,212,176,55.9,-1,89.8,62,2026-02-11T11:00:00Z,PT15M
1,208,172,56.4,-0.9,89.6,62,2026-02-11T11:15:00Z,PT15M
1,201,168,57,-0.8,89.4,62,2026-02-11T11:30:00Z,PT15M
1,194,164,57.7,-0.7,89.3,63,2026-02-11T11:45:00Z,PT15M
1,185,160,58.3,-0.6,89.1,64,2026-02-11T12:00:00Z,PT15M
1,175,156,58.8,-0.6,89.3,65,2026-02-11T12:15:00Z,PT15M
1,165,153,59.3,-0.5,89.9,66,2026-02-11T12:30:00Z,PT15M
1,152,149,60.1,-0.5,90.4,67,2026-02-11T12:45:00Z,PT15M
1,138,145,61,-0.4,91,68,2026-02-11T13:00:00Z,PT15M
1,124,142,61.8,-0.4,91.5,70,2026-02-11T13:15:00Z,PT15M
1,110,138,62.6,-0.3,92.1,71,2026-02-11T13:30:00Z,PT15M
1,95,135,63.4,-0.3,92.6,73,2026-02-11T13:45:00Z,PT15M
1,79,132,64.6,-0.2,93.2,75,2026-02-11T14:00:00Z,PT15M
1,63,128,66.6,-0.2,93.8,77,2026-02-11T14:15:00Z,PT15M
1,47,125,68.4,-0.1,94.3,79,2026-02-11T14:30:00Z,PT15M
1,34,122,70.3,-0.1,94.9,81,2026-02-11T14:45:00Z,PT15M
1,22,119,70.9,-0,95.5,83,2026-02-11T15:00:00Z,PT15M
1,14,117,69.8,-0,95.8,86,2026-02-11T15:15:00Z,PT15M
1,5,114,69,-0.1,95.8,88,2026-02-11T15:30:00Z,PT15M
1,0,111,68.3,-0.1,95.9,90,2026-02-11T15:45:00Z,PT15M
0,0,108,67.5,-0.2,95.9,93,2026-02-11T16:00:00Z,PT15M
0,0,106,66.6,-0.2,96,95,2026-02-11T16:15:00Z,PT15M
0,0,103,65.5,-0.3,96.1,98,2026-02-11T16:30:00Z,PT15M
0,0,100,64.4,-0.3,96.1,100,2026-02-11T16:45:00Z,PT15M
0,0,98,63.3,-0.4,96.2,103,2026-02-11T17:00:00Z,PT15M
0,0,95,62.2,-0.4,96.2,105,2026-02-11T17:15:00Z,PT15M
0,0,92,61.1,-0.5,96.3,108,2026-02-11T17:30:00Z,PT15M
-0,0,90,59.9,-0.5,96.3,110,2026-02-11T17:45:00Z,PT15M
-0,0,87,58.8,-0.6,96.4,113,2026-02-11T18:00:00Z,PT15M
-0,0,84,58.2,-0.6,96.4,115,2026-02-11T18:15:00Z,PT15M
-0,0,81,58.2,-0.7,96.3,118,2026-02-11T18:30:00Z,PT15M
-0,0,78,58.2,-0.7,96.3,120,2026-02-11T18:45:00Z,PT15M
-0,0,75,58.2,-0.8,96.2,123,2026-02-11T19:00:00Z,PT15M
-0,0,72,58.2,-0.9,96.2,125,2026-02-11T19:15:00Z,PT15M
-0,0,68,58.2,-0.9,96.1,128,2026-02-11T19:30:00Z,PT15M
-0,0,65,58.2,-1,96,130,2026-02-11T19:45:00Z,PT15M
-1,0,61,58.2,-1,96,132,2026-02-11T20:00:00Z,PT15M
-1,0,57,58.2,-1.1,95.9,135,2026-02-11T20:15:00Z,PT15M
-1,0,53,58.2,-1.2,95.9,137,2026-02-11T20:30:00Z,PT15M
-1,0,48,58.2,-1.2,95.8,139,2026-02-11T20:45:00Z,PT15M
-1,0,43,58.2,-1.3,95.7,140,2026-02-11T21:00:00Z,PT15M
-1,0,38,58.3,-1.3,95.7,142,2026-02-11T21:15:00Z,PT15M
-1,0,33,58.6,-1.2,95.5,144,2026-02-11T21:30:00Z,PT15M
-1,0,27,58.9,-1.2,95.4,145,2026-02-11T21:45:00Z,PT15M
-1,0,21,59.2,-1.2,95.3,146,2026-02-11T22:00:00Z,PT15M
-1,0,14,59.4,-1.2,95.2,147,2026-02-11T22:15:00Z,PT15M
-0,0,8,59.4,-1.1,95.1,147,2026-02-11T22:30:00Z,PT15M
-0,0,1,59.4,-1.1,95,147,2026-02-11T22:45:00Z,PT15M
-0,0,-6,59.4,-1,94.8,147,2026-02-11T23:00:00Z,PT15M
-0,0,-12,59.7,-1,94.7,147,2026-02-11T23:15:00Z,PT15M
-0,0,-19,60.2,-1,94.6,146,2026-02-11T23:30:00Z,PT15M
-0,0,-25,60.8,-1,94.5,145,2026-02-11T23:45:00Z,PT15M
-0,0,-31,61.4,-0.9,94.4,144,2026-02-12,PT15M
-0,0,-37,61.7,-0.9,94.4,143,2026-02-12T00:15:00Z,PT15M
-0,0,-42,61.7,-0.8,94.4,141,2026-02-12T00:30:00Z,PT15M
0,0,-47,61.7,-0.8,94.5,139,2026-02-12T00:45:00Z,PT15M
0,0,-51,61.7,-0.7,94.5,137,2026-02-12T01:00:00Z,PT15M
0,0,-56,61.7,-0.7,94.6,135,2026-02-12T01:15:00Z,PT15M
0,0,-60,61.7,-0.6,94.7,133,2026-02-12T01:30:00Z,PT15M
0,0,-64,61.7,-0.6,94.7,131,2026-02-12T01:45:00Z,PT15M
0,0,-67,61.7,-0.5,94.8,128,2026-02-12T02:00:00Z,PT15M
0,0,-71,61.8,-0.5,94.8,126,2026-02-12T02:15:00Z,PT15M
0,0,-74,62.1,-0.4,94.9,124,2026-02-12T02:30:00Z,PT15M
0,0,-77,62.4,-0.4,95,121,2026-02-12T02:45:00Z,PT15M
0,0,-80,62.7,-0.3,95,119,2026-02-12T03:00:00Z,PT15M
0,0,-83,62.8,-0.3,95,116,2026-02-12T03:15:00Z,PT15M
0,0,-86,62.8,-0.3,95,113,2026-02-12T03:30:00Z,PT15M
0,0,-89,62.8,-0.3,94.9,111,2026-02-12T03:45:00Z,PT15M
1,0,-91,62.8,-0.3,94.9,108,2026-02-12T04:00:00Z,PT15M
1,0,-94,62.8,-0.3,94.8,106,2026-02-12T04:15:00Z,PT15M
1,0,-97,62.8,-0.3,94.7,103,2026-02-12T04:30:00Z,PT15M
1,0,-99,62.8,-0.2,94.7,101,2026-02-12T04:45:00Z,PT15M
1,0,-102,62.8,-0.2,94.6,98,2026-02-12T05:00:00Z,PT15M
1,0,-105,62.8,-0.2,94.6,96,2026-02-12T05:15:00Z,PT15M
1,0,-107,62.8,-0.2,94.5,93,2026-02-12T05:30:00Z,PT15M
1,0,-110,62.8,-0.2,94.5,91,2026-02-12T05:45:00Z,PT15M
1,5,-113,62.8,-0.2,94.4,88,2026-02-12T06:00:00Z,PT15M
1,14,-116,63.2,-0.2,94.3,86,2026-02-12T06:15:00Z,PT15M
1,24,-119,64,-0.1,94.2,84,2026-02-12T06:30:00Z,PT15M
1,37,-121,63.4,-0.1,94.1,82,2026-02-12T06:45:00Z,PT15M
1,54,-124,60.9,0,94,79,2026-02-12T07:00:00Z,PT15M
1,71,-127,58.9,0.1,93.9,77,2026-02-12T07:15:00Z,PT15M
1,89,-131,57.7,0.1,93.8,75,2026-02-12T07:30:00Z,PT15M
1,103,-134,57.8,0.2,93.7,73,2026-02-12T07:45:00Z,PT15M
1,116,-137,58.4,0.2,93.5,72,2026-02-12T08:00:00Z,PT15M
1,129,-141,58.6,0.3,93.4,70,2026-02-12T08:15:00Z,PT15M
1,141,-144,58.6,0.4,93.3,68,2026-02-12T08:30:00Z,PT15M
1,153,-148,58.7,0.4,93.2,67,2026-02-12T08:45:00Z,PT15M
2,162,-151,58.9,0.5,93.1,66,2026-02-12T09:00:00Z,PT15M
2,172,-155,58.7,0.5,93.2,65,2026-02-12T09:15:00Z,PT15M
2,182,-159,58.2,0.6,93.6,64,2026-02-12T09:30:00Z,PT15M
2,191,-163,57.8,0.7,93.9,63,2026-02-12T09:45:00Z,PT15M
2,198,-167,57.4,0.7,94.2,62,2026-02-12T10:00:00Z,PT15M
2,203,-171,57.3,0.8,94.6,62,2026-02-12T10:15:00Z,PT15M
